Description;Params;Method;Mean;StdDev;Error;Ratio;Iterations count;Maybe exists;Not exists;Continue percentage;Allocated
Bloomfilter;"500000, False, 0,005, 5000000";'Add in BitArray BloomFilter';17.56 ns;2.147 ns;4.104 ns;0.95;753664000;65.792.500;687.871.500;"8,730%";0 B
Bloomfilter;"500000, False, 0,005, 5000000";'Add in Span<bool> BloomFilter';18.32 ns;1.958 ns;3.744 ns;0.99;753664000;65.792.500;687.871.500;"8,730%";0 B
Bloomfilter;"500000, False, 0,005, 5000000";'Add in byte[] BloomFilter';18.74 ns;1.948 ns;3.725 ns;1.00;753664000;65.792.500;687.871.500;"8,730%";0 B
Bloomfilter;"500000, False, 0,005, 5000000";'Add in Unsafe byte[] BloomFilter';21.10 ns;3.974 ns;6.679 ns;1.15;753664000;65.792.500;687.871.500;"8,730%";0 B
Bloomfilter;"500000, False, 0,005, 5000000";'Add in Span<byte> BloomFilter';24.37 ns;4.618 ns;7.760 ns;1.34;753664000;65.792.500;687.871.500;"8,730%";0 B
Bloomfilter;"500000, False, 0,005, 10000000";'Add in byte[] BloomFilter';17.20 ns;1.756 ns;2.950 ns;1.00;753664000;65.792.500;687.871.500;"8,730%";0 B
Bloomfilter;"500000, False, 0,005, 10000000";'Add in BitArray BloomFilter';17.57 ns;1.268 ns;1.917 ns;1.03;753664000;65.792.500;687.871.500;"8,730%";0 B
Bloomfilter;"500000, False, 0,005, 10000000";'Add in Unsafe byte[] BloomFilter';18.48 ns;3.182 ns;4.810 ns;1.08;753664000;65.792.500;687.871.500;"8,730%";0 B
Bloomfilter;"500000, False, 0,005, 10000000";'Add in Span<byte> BloomFilter';18.61 ns;2.406 ns;3.638 ns;1.11;753664000;65.792.500;687.871.500;"8,730%";0 B
Bloomfilter;"500000, False, 0,005, 10000000";'Add in Span<bool> BloomFilter';19.17 ns;2.614 ns;3.951 ns;1.13;753664000;65.792.500;687.871.500;"8,730%";0 B
Bloomfilter;"500000, False, 0,005, 100000000";'Add in Span<bool> BloomFilter';16.98 ns;1.114 ns;1.872 ns;0.93;753664000;65.792.500;687.871.500;"8,730%";0 B
Bloomfilter;"500000, False, 0,005, 100000000";'Add in Span<byte> BloomFilter';17.76 ns;2.974 ns;4.496 ns;0.98;753664000;65.792.500;687.871.500;"8,730%";0 B
Bloomfilter;"500000, False, 0,005, 100000000";'Add in BitArray BloomFilter';18.03 ns;2.301 ns;3.866 ns;0.99;753664000;65.792.500;687.871.500;"8,730%";0 B
Bloomfilter;"500000, False, 0,005, 100000000";'Add in Unsafe byte[] BloomFilter';18.11 ns;2.245 ns;3.395 ns;1.00;753664000;65.792.500;687.871.500;"8,730%";0 B
Bloomfilter;"500000, False, 0,005, 100000000";'Add in byte[] BloomFilter';18.22 ns;1.800 ns;2.721 ns;1.00;753664000;65.792.500;687.871.500;"8,730%";0 B
Bloomfilter;"500000, False, 0,05, 5000000";'Add in byte[] BloomFilter';16.52 ns;0.789 ns;1.326 ns;1.00;753664000;65.792.500;687.871.500;"8,730%";0 B
Bloomfilter;"500000, False, 0,05, 5000000";'Add in Span<byte> BloomFilter';16.77 ns;1.884 ns;3.166 ns;1.02;753664000;65.792.500;687.871.500;"8,730%";0 B
Bloomfilter;"500000, False, 0,05, 5000000";'Add in Span<bool> BloomFilter';18.24 ns;2.124 ns;3.211 ns;1.12;753664000;65.792.500;687.871.500;"8,730%";0 B
Bloomfilter;"500000, False, 0,05, 5000000";'Add in Unsafe byte[] BloomFilter';18.32 ns;2.191 ns;3.313 ns;1.09;753664000;65.792.500;687.871.500;"8,730%";0 B
Bloomfilter;"500000, False, 0,05, 5000000";'Add in BitArray BloomFilter';18.74 ns;2.392 ns;3.617 ns;1.14;753664000;65.792.500;687.871.500;"8,730%";0 B
Bloomfilter;"500000, False, 0,05, 10000000";'Add in Span<byte> BloomFilter';16.52 ns;0.802 ns;1.348 ns;0.93;753664000;65.792.500;687.871.500;"8,730%";0 B
Bloomfilter;"500000, False, 0,05, 10000000";'Add in Unsafe byte[] BloomFilter';16.54 ns;0.811 ns;1.363 ns;0.93;753664000;65.792.500;687.871.500;"8,730%";0 B
Bloomfilter;"500000, False, 0,05, 10000000";'Add in Span<bool> BloomFilter';17.46 ns;1.260 ns;2.117 ns;0.98;753664000;65.792.500;687.871.500;"8,730%";0 B
Bloomfilter;"500000, False, 0,05, 10000000";'Add in byte[] BloomFilter';18.06 ns;2.238 ns;3.761 ns;1.00;753664000;65.792.500;687.871.500;"8,730%";0 B
Bloomfilter;"500000, False, 0,05, 10000000";'Add in BitArray BloomFilter';19.87 ns;2.656 ns;4.015 ns;1.10;753664000;65.792.500;687.871.500;"8,730%";0 B
Bloomfilter;"500000, False, 0,05, 100000000";'Add in Span<byte> BloomFilter';17.05 ns;2.065 ns;3.470 ns;0.97;753664000;65.792.500;687.871.500;"8,730%";0 B
Bloomfilter;"500000, False, 0,05, 100000000";'Add in BitArray BloomFilter';17.16 ns;1.337 ns;2.246 ns;0.97;753664000;65.792.500;687.871.500;"8,730%";0 B
Bloomfilter;"500000, False, 0,05, 100000000";'Add in Unsafe byte[] BloomFilter';17.34 ns;1.454 ns;2.443 ns;0.98;753664000;65.792.500;687.871.500;"8,730%";0 B
Bloomfilter;"500000, False, 0,05, 100000000";'Add in byte[] BloomFilter';17.77 ns;1.739 ns;2.922 ns;1.00;753664000;65.792.500;687.871.500;"8,730%";0 B
Bloomfilter;"500000, False, 0,05, 100000000";'Add in Span<bool> BloomFilter';18.27 ns;2.235 ns;3.379 ns;1.06;753664000;65.792.500;687.871.500;"8,730%";0 B
Bloomfilter;"500000, True, 0,005, 5000000";'Add in BitArray BloomFilter';19.14 ns;1.791 ns;3.010 ns;0.99;753664000;65.792.500;687.871.500;"8,730%";0 B
Bloomfilter;"500000, True, 0,005, 5000000";'Add in Span<bool> BloomFilter';19.29 ns;1.698 ns;2.567 ns;0.99;753664000;65.792.500;687.871.500;"8,730%";0 B
Bloomfilter;"500000, True, 0,005, 5000000";'Add in byte[] BloomFilter';19.71 ns;2.308 ns;3.879 ns;1.00;753664000;65.792.500;687.871.500;"8,730%";0 B
Bloomfilter;"500000, True, 0,005, 5000000";'Add in Unsafe byte[] BloomFilter';20.21 ns;1.933 ns;2.923 ns;1.04;753664000;65.792.500;687.871.500;"8,730%";0 B
Bloomfilter;"500000, True, 0,005, 5000000";'Add in Span<byte> BloomFilter';20.70 ns;3.737 ns;5.650 ns;1.03;753664000;65.792.500;687.871.500;"8,730%";0 B
Bloomfilter;"500000, True, 0,005, 10000000";'Add in Span<byte> BloomFilter';19.35 ns;1.689 ns;2.839 ns;1.00;753664000;65.792.500;687.871.500;"8,730%";0 B
Bloomfilter;"500000, True, 0,005, 10000000";'Add in byte[] BloomFilter';19.59 ns;2.390 ns;3.613 ns;1.00;753664000;65.792.500;687.871.500;"8,730%";0 B
Bloomfilter;"500000, True, 0,005, 10000000";'Add in Span<bool> BloomFilter';24.15 ns;2.249 ns;3.400 ns;1.26;753664000;65.792.500;687.871.500;"8,730%";0 B
Bloomfilter;"500000, True, 0,005, 10000000";'Add in Unsafe byte[] BloomFilter';28.58 ns;2.083 ns;3.500 ns;1.48;753664000;65.792.500;687.871.500;"8,730%";0 B
Bloomfilter;"500000, True, 0,005, 10000000";'Add in BitArray BloomFilter';29.93 ns;6.143 ns;9.288 ns;1.57;753664000;65.792.500;687.871.500;"8,730%";0 B
Bloomfilter;"500000, True, 0,005, 100000000";'Add in BitArray BloomFilter';18.04 ns;1.738 ns;3.323 ns;0.73;753664000;65.792.500;687.871.500;"8,730%";0 B
Bloomfilter;"500000, True, 0,005, 100000000";'Add in Span<bool> BloomFilter';18.06 ns;1.793 ns;2.711 ns;0.67;753664000;65.792.500;687.871.500;"8,730%";0 B
Bloomfilter;"500000, True, 0,005, 100000000";'Add in Unsafe byte[] BloomFilter';19.61 ns;3.287 ns;4.969 ns;0.71;753664000;65.792.500;687.871.500;"8,730%";0 B
Bloomfilter;"500000, True, 0,005, 100000000";'Add in Span<byte> BloomFilter';20.71 ns;3.857 ns;5.832 ns;0.77;753664000;65.792.500;687.871.500;"8,730%";0 B
Bloomfilter;"500000, True, 0,005, 100000000";'Add in byte[] BloomFilter';28.30 ns;7.350 ns;11.112 ns;1.00;753664000;65.792.500;687.871.500;"8,730%";0 B
Bloomfilter;"500000, True, 0,05, 5000000";'Add in Span<bool> BloomFilter';19.05 ns;2.629 ns;5.026 ns;0.94;753664000;65.792.500;687.871.500;"8,730%";0 B
Bloomfilter;"500000, True, 0,05, 5000000";'Add in Unsafe byte[] BloomFilter';20.15 ns;3.463 ns;5.819 ns;0.98;753664000;65.792.500;687.871.500;"8,730%";0 B
Bloomfilter;"500000, True, 0,05, 5000000";'Add in BitArray BloomFilter';20.57 ns;2.054 ns;3.451 ns;1.01;753664000;65.792.500;687.871.500;"8,730%";0 B
Bloomfilter;"500000, True, 0,05, 5000000";'Add in byte[] BloomFilter';20.59 ns;2.779 ns;4.669 ns;1.00;753664000;65.792.500;687.871.500;"8,730%";0 B
Bloomfilter;"500000, True, 0,05, 5000000";'Add in Span<byte> BloomFilter';22.61 ns;3.615 ns;5.465 ns;1.15;753664000;65.792.500;687.871.500;"8,730%";0 B
Bloomfilter;"500000, True, 0,05, 10000000";'Add in Span<bool> BloomFilter';18.16 ns;2.143 ns;3.241 ns;0.97;753664000;65.792.500;687.871.500;"8,730%";0 B
Bloomfilter;"500000, True, 0,05, 10000000";'Add in byte[] BloomFilter';19.00 ns;1.970 ns;3.311 ns;1.00;753664000;65.792.500;687.871.500;"8,730%";0 B
Bloomfilter;"500000, True, 0,05, 10000000";'Add in Span<byte> BloomFilter';19.21 ns;1.835 ns;3.084 ns;1.02;753664000;65.792.500;687.871.500;"8,730%";0 B
Bloomfilter;"500000, True, 0,05, 10000000";'Add in Unsafe byte[] BloomFilter';20.02 ns;3.599 ns;5.442 ns;1.06;753664000;65.792.500;687.871.500;"8,730%";0 B
Bloomfilter;"500000, True, 0,05, 10000000";'Add in BitArray BloomFilter';20.77 ns;3.269 ns;4.942 ns;1.07;753664000;65.792.500;687.871.500;"8,730%";0 B
Bloomfilter;"500000, True, 0,05, 100000000";'Add in byte[] BloomFilter';18.56 ns;2.245 ns;3.394 ns;1.00;753664000;65.792.500;687.871.500;"8,730%";0 B
Bloomfilter;"500000, True, 0,05, 100000000";'Add in Span<byte> BloomFilter';20.65 ns;2.165 ns;3.638 ns;1.11;753664000;65.792.500;687.871.500;"8,730%";0 B
Bloomfilter;"500000, True, 0,05, 100000000";'Add in Span<bool> BloomFilter';23.52 ns;4.263 ns;6.445 ns;1.27;753664000;65.792.500;687.871.500;"8,730%";0 B
Bloomfilter;"500000, True, 0,05, 100000000";'Add in Unsafe byte[] BloomFilter';24.92 ns;3.731 ns;5.641 ns;1.35;753664000;65.792.500;687.871.500;"8,730%";0 B
Bloomfilter;"500000, True, 0,05, 100000000";'Add in BitArray BloomFilter';25.28 ns;3.162 ns;4.781 ns;1.37;753664000;65.792.500;687.871.500;"8,730%";0 B
Bloomfilter;"1000000, False, 0,005, 5000000";'Add in byte[] BloomFilter';16.93 ns;0.667 ns;1.274 ns;1.00;753664000;65.792.500;687.871.500;"8,730%";0 B
Bloomfilter;"1000000, False, 0,005, 5000000";'Add in Unsafe byte[] BloomFilter';18.67 ns;2.367 ns;4.525 ns;1.10;753664000;65.792.500;687.871.500;"8,730%";0 B
Bloomfilter;"1000000, False, 0,005, 5000000";'Add in Span<byte> BloomFilter';18.94 ns;2.940 ns;5.621 ns;1.12;753664000;65.792.500;687.871.500;"8,730%";0 B
Bloomfilter;"1000000, False, 0,005, 5000000";'Add in BitArray BloomFilter';19.21 ns;2.616 ns;4.396 ns;1.15;753664000;65.792.500;687.871.500;"8,730%";0 B
Bloomfilter;"1000000, False, 0,005, 5000000";'Add in Span<bool> BloomFilter';19.57 ns;2.766 ns;5.288 ns;1.15;753664000;65.792.500;687.871.500;"8,730%";0 B
Bloomfilter;"1000000, False, 0,005, 10000000";'Add in byte[] BloomFilter';17.21 ns;1.486 ns;2.246 ns;1.00;753664000;65.792.500;687.871.500;"8,730%";0 B
Bloomfilter;"1000000, False, 0,005, 10000000";'Add in Span<byte> BloomFilter';17.79 ns;1.634 ns;2.471 ns;1.04;753664000;65.792.500;687.871.500;"8,730%";0 B
Bloomfilter;"1000000, False, 0,005, 10000000";'Add in Unsafe byte[] BloomFilter';18.04 ns;2.786 ns;4.213 ns;1.05;753664000;65.792.500;687.871.500;"8,730%";0 B
Bloomfilter;"1000000, False, 0,005, 10000000";'Add in Span<bool> BloomFilter';18.30 ns;1.907 ns;2.884 ns;1.07;753664000;65.792.500;687.871.500;"8,730%";0 B
Bloomfilter;"1000000, False, 0,005, 10000000";'Add in BitArray BloomFilter';18.44 ns;2.542 ns;3.844 ns;1.08;753664000;65.792.500;687.871.500;"8,730%";0 B
Bloomfilter;"1000000, False, 0,005, 100000000";'Add in Unsafe byte[] BloomFilter';16.97 ns;0.884 ns;1.486 ns;0.91;753664000;65.792.500;687.871.500;"8,730%";0 B
Bloomfilter;"1000000, False, 0,005, 100000000";'Add in Span<byte> BloomFilter';17.03 ns;1.316 ns;1.990 ns;0.93;753664000;65.792.500;687.871.500;"8,730%";0 B
Bloomfilter;"1000000, False, 0,005, 100000000";'Add in byte[] BloomFilter';18.67 ns;2.795 ns;4.226 ns;1.00;753664000;65.792.500;687.871.500;"8,730%";0 B
Bloomfilter;"1000000, False, 0,005, 100000000";'Add in BitArray BloomFilter';18.88 ns;2.158 ns;3.262 ns;1.03;753664000;65.792.500;687.871.500;"8,730%";0 B
Bloomfilter;"1000000, False, 0,005, 100000000";'Add in Span<bool> BloomFilter';19.94 ns;3.082 ns;4.660 ns;1.07;753664000;65.792.500;687.871.500;"8,730%";0 B
Bloomfilter;"1000000, False, 0,05, 5000000";'Add in Unsafe byte[] BloomFilter';17.47 ns;1.521 ns;2.300 ns;0.98;753664000;65.792.500;687.871.500;"8,730%";0 B
Bloomfilter;"1000000, False, 0,05, 5000000";'Add in byte[] BloomFilter';17.68 ns;1.719 ns;2.888 ns;1.00;753664000;65.792.500;687.871.500;"8,730%";0 B
Bloomfilter;"1000000, False, 0,05, 5000000";'Add in Span<bool> BloomFilter';17.78 ns;1.837 ns;3.086 ns;1.01;753664000;65.792.500;687.871.500;"8,730%";0 B
Bloomfilter;"1000000, False, 0,05, 5000000";'Add in Span<byte> BloomFilter';18.66 ns;2.451 ns;3.705 ns;1.06;753664000;65.792.500;687.871.500;"8,730%";0 B
Bloomfilter;"1000000, False, 0,05, 5000000";'Add in BitArray BloomFilter';19.24 ns;2.381 ns;3.600 ns;1.10;753664000;65.792.500;687.871.500;"8,730%";0 B
Bloomfilter;"1000000, False, 0,05, 10000000";'Add in BitArray BloomFilter';16.93 ns;0.851 ns;1.431 ns;0.95;753664000;65.792.500;687.871.500;"8,730%";0 B
Bloomfilter;"1000000, False, 0,05, 10000000";'Add in Span<bool> BloomFilter';17.26 ns;1.056 ns;1.774 ns;0.97;753664000;65.792.500;687.871.500;"8,730%";0 B
Bloomfilter;"1000000, False, 0,05, 10000000";'Add in byte[] BloomFilter';18.01 ns;2.014 ns;3.385 ns;1.00;753664000;65.792.500;687.871.500;"8,730%";0 B
Bloomfilter;"1000000, False, 0,05, 10000000";'Add in Unsafe byte[] BloomFilter';18.15 ns;2.116 ns;3.555 ns;1.01;753664000;65.792.500;687.871.500;"8,730%";0 B
Bloomfilter;"1000000, False, 0,05, 10000000";'Add in Span<byte> BloomFilter';19.05 ns;1.856 ns;3.118 ns;1.08;753664000;65.792.500;687.871.500;"8,730%";0 B
Bloomfilter;"1000000, False, 0,05, 100000000";'Add in Span<byte> BloomFilter';18.17 ns;2.219 ns;3.355 ns;0.99;753664000;65.792.500;687.871.500;"8,730%";0 B
Bloomfilter;"1000000, False, 0,05, 100000000";'Add in byte[] BloomFilter';18.48 ns;2.417 ns;3.655 ns;1.00;753664000;65.792.500;687.871.500;"8,730%";0 B
Bloomfilter;"1000000, False, 0,05, 100000000";'Add in BitArray BloomFilter';18.63 ns;2.826 ns;4.272 ns;1.03;753664000;65.792.500;687.871.500;"8,730%";0 B
Bloomfilter;"1000000, False, 0,05, 100000000";'Add in Unsafe byte[] BloomFilter';18.79 ns;2.292 ns;3.465 ns;1.04;753664000;65.792.500;687.871.500;"8,730%";0 B
Bloomfilter;"1000000, False, 0,05, 100000000";'Add in Span<bool> BloomFilter';18.89 ns;1.935 ns;2.925 ns;1.04;753664000;65.792.500;687.871.500;"8,730%";0 B
Bloomfilter;"1000000, True, 0,005, 5000000";'Add in byte[] BloomFilter';18.83 ns;1.970 ns;3.767 ns;1.00;753664000;65.792.500;687.871.500;"8,730%";0 B
Bloomfilter;"1000000, True, 0,005, 5000000";'Add in Unsafe byte[] BloomFilter';19.48 ns;2.211 ns;4.228 ns;1.04;753664000;65.792.500;687.871.500;"8,730%";0 B
Bloomfilter;"1000000, True, 0,005, 5000000";'Add in BitArray BloomFilter';20.78 ns;3.377 ns;6.457 ns;1.10;753664000;65.792.500;687.871.500;"8,730%";0 B
Bloomfilter;"1000000, True, 0,005, 5000000";'Add in Span<byte> BloomFilter';20.84 ns;2.183 ns;4.174 ns;1.12;753664000;65.792.500;687.871.500;"8,730%";0 B
Bloomfilter;"1000000, True, 0,005, 5000000";'Add in Span<bool> BloomFilter';21.77 ns;8.067 ns;13.556 ns;1.18;753664000;65.792.500;687.871.500;"8,730%";0 B
Bloomfilter;"1000000, True, 0,005, 10000000";'Add in Span<bool> BloomFilter';18.17 ns;1.463 ns;2.459 ns;0.95;753664000;65.792.500;687.871.500;"8,730%";0 B
Bloomfilter;"1000000, True, 0,005, 10000000";'Add in Span<byte> BloomFilter';19.08 ns;2.311 ns;3.883 ns;1.00;753664000;65.792.500;687.871.500;"8,730%";0 B
Bloomfilter;"1000000, True, 0,005, 10000000";'Add in Unsafe byte[] BloomFilter';19.18 ns;3.288 ns;5.526 ns;1.01;753664000;65.792.500;687.871.500;"8,730%";0 B
Bloomfilter;"1000000, True, 0,005, 10000000";'Add in byte[] BloomFilter';19.47 ns;2.422 ns;4.070 ns;1.00;753664000;65.792.500;687.871.500;"8,730%";0 B
Bloomfilter;"1000000, True, 0,005, 10000000";'Add in BitArray BloomFilter';20.23 ns;3.532 ns;5.936 ns;1.05;753664000;65.792.500;687.871.500;"8,730%";0 B
Bloomfilter;"1000000, True, 0,005, 100000000";'Add in BitArray BloomFilter';18.74 ns;2.896 ns;4.867 ns;0.88;753664000;65.792.500;687.871.500;"8,730%";0 B
Bloomfilter;"1000000, True, 0,005, 100000000";'Add in Span<bool> BloomFilter';19.75 ns;3.424 ns;5.754 ns;0.93;753664000;65.792.500;687.871.500;"8,730%";0 B
Bloomfilter;"1000000, True, 0,005, 100000000";'Add in Span<byte> BloomFilter';21.37 ns;2.635 ns;4.428 ns;1.01;753664000;65.792.500;687.871.500;"8,730%";0 B
Bloomfilter;"1000000, True, 0,005, 100000000";'Add in byte[] BloomFilter';21.54 ns;2.613 ns;4.391 ns;1.00;753664000;65.792.500;687.871.500;"8,730%";0 B
Bloomfilter;"1000000, True, 0,005, 100000000";'Add in Unsafe byte[] BloomFilter';23.65 ns;4.250 ns;7.142 ns;1.12;753664000;65.792.500;687.871.500;"8,730%";0 B
Bloomfilter;"1000000, True, 0,05, 5000000";'Add in byte[] BloomFilter';18.74 ns;1.926 ns;3.683 ns;1.00;753664000;65.792.500;687.871.500;"8,730%";0 B
Bloomfilter;"1000000, True, 0,05, 5000000";'Add in Span<byte> BloomFilter';20.34 ns;4.735 ns;9.053 ns;1.09;753664000;65.792.500;687.871.500;"8,730%";0 B
Bloomfilter;"1000000, True, 0,05, 5000000";'Add in Unsafe byte[] BloomFilter';20.36 ns;4.747 ns;9.076 ns;1.09;753664000;65.792.500;687.871.500;"8,730%";0 B
Bloomfilter;"1000000, True, 0,05, 5000000";'Add in Span<bool> BloomFilter';20.59 ns;4.847 ns;9.268 ns;1.11;753664000;65.792.500;687.871.500;"8,730%";0 B
Bloomfilter;"1000000, True, 0,05, 5000000";'Add in BitArray BloomFilter';22.68 ns;5.204 ns;9.950 ns;1.21;753664000;65.792.500;687.871.500;"8,730%";0 B
Bloomfilter;"1000000, True, 0,05, 10000000";'Add in Span<byte> BloomFilter';18.27 ns;1.693 ns;2.845 ns;0.96;753664000;65.792.500;687.871.500;"8,730%";0 B
Bloomfilter;"1000000, True, 0,05, 10000000";'Add in Unsafe byte[] BloomFilter';18.61 ns;1.934 ns;3.697 ns;0.99;753664000;65.792.500;687.871.500;"8,730%";0 B
Bloomfilter;"1000000, True, 0,05, 10000000";'Add in byte[] BloomFilter';19.18 ns;2.386 ns;4.009 ns;1.00;753664000;65.792.500;687.871.500;"8,730%";0 B
Bloomfilter;"1000000, True, 0,05, 10000000";'Add in BitArray BloomFilter';19.27 ns;2.692 ns;4.524 ns;1.01;753664000;65.792.500;687.871.500;"8,730%";0 B
Bloomfilter;"1000000, True, 0,05, 10000000";'Add in Span<bool> BloomFilter';20.82 ns;3.446 ns;5.790 ns;1.10;753664000;65.792.500;687.871.500;"8,730%";0 B
Bloomfilter;"1000000, True, 0,05, 100000000";'Add in Unsafe byte[] BloomFilter';18.76 ns;3.690 ns;6.201 ns;0.69;753664000;65.792.500;687.871.500;"8,730%";0 B
Bloomfilter;"1000000, True, 0,05, 100000000";'Add in BitArray BloomFilter';19.36 ns;2.918 ns;4.904 ns;0.70;753664000;65.792.500;687.871.500;"8,730%";0 B
Bloomfilter;"1000000, True, 0,05, 100000000";'Add in Span<bool> BloomFilter';19.36 ns;1.831 ns;3.500 ns;0.68;753664000;65.792.500;687.871.500;"8,730%";0 B
Bloomfilter;"1000000, True, 0,05, 100000000";'Add in Span<byte> BloomFilter';26.05 ns;4.106 ns;6.900 ns;0.97;753664000;65.792.500;687.871.500;"8,730%";0 B
Bloomfilter;"1000000, True, 0,05, 100000000";'Add in byte[] BloomFilter';27.65 ns;3.792 ns;6.372 ns;1.00;753664000;65.792.500;687.871.500;"8,730%";0 B
Bloomfilter;"500000, False, 0,005, 5000000";'Search in Span<bool> BloomFilter';16.57 ns;0.802 ns;1.532 ns;0.86;753664000;65.792.500;687.871.500;"8,730%";0 B
Bloomfilter;"500000, False, 0,005, 5000000";'Search in BitArray BloomFilter';18.02 ns;1.990 ns;3.806 ns;0.94;753664000;65.792.500;687.871.500;"8,730%";0 B
Bloomfilter;"500000, False, 0,005, 5000000";'Search in Span<byte> BloomFilter';18.87 ns;2.293 ns;4.385 ns;0.98;753664000;65.792.500;687.871.500;"8,730%";0 B
Bloomfilter;"500000, False, 0,005, 5000000";'Search in Unsafe byte[] BloomFilter';19.03 ns;3.167 ns;6.056 ns;0.98;753664000;65.792.500;687.871.500;"8,730%";0 B
Bloomfilter;"500000, False, 0,005, 5000000";'Search in byte[] BloomFilter';19.34 ns;2.075 ns;3.487 ns;1.00;753664000;65.792.500;687.871.500;"8,730%";0 B
Bloomfilter;"500000, False, 0,005, 10000000";'Search in BitArray BloomFilter';18.55 ns;2.036 ns;3.077 ns;0.99;753664000;65.792.500;687.871.500;"8,730%";0 B
Bloomfilter;"500000, False, 0,005, 10000000";'Search in Span<bool> BloomFilter';18.56 ns;1.945 ns;2.941 ns;0.99;753664000;65.792.500;687.871.500;"8,730%";0 B
Bloomfilter;"500000, False, 0,005, 10000000";'Search in Unsafe byte[] BloomFilter';18.78 ns;1.492 ns;2.507 ns;1.02;753664000;65.792.500;687.871.500;"8,730%";0 B
Bloomfilter;"500000, False, 0,005, 10000000";'Search in byte[] BloomFilter';19.11 ns;2.632 ns;3.980 ns;1.00;753664000;65.792.500;687.871.500;"8,730%";0 B
Bloomfilter;"500000, False, 0,005, 10000000";'Search in Span<byte> BloomFilter';19.59 ns;2.356 ns;3.561 ns;1.04;753664000;65.792.500;687.871.500;"8,730%";0 B
Bloomfilter;"500000, False, 0,005, 100000000";'Search in Span<byte> BloomFilter';17.61 ns;1.344 ns;2.032 ns;0.92;753664000;65.792.500;687.871.500;"8,730%";0 B
Bloomfilter;"500000, False, 0,005, 100000000";'Search in BitArray BloomFilter';17.94 ns;1.571 ns;2.641 ns;0.93;753664000;65.792.500;687.871.500;"8,730%";0 B
Bloomfilter;"500000, False, 0,005, 100000000";'Search in Span<bool> BloomFilter';18.00 ns;2.021 ns;3.396 ns;0.93;753664000;65.792.500;687.871.500;"8,730%";0 B
Bloomfilter;"500000, False, 0,005, 100000000";'Search in byte[] BloomFilter';19.27 ns;2.346 ns;3.546 ns;1.00;753664000;65.792.500;687.871.500;"8,730%";0 B
Bloomfilter;"500000, False, 0,005, 100000000";'Search in Unsafe byte[] BloomFilter';19.30 ns;3.199 ns;4.836 ns;1.00;753664000;65.792.500;687.871.500;"8,730%";0 B
Bloomfilter;"500000, False, 0,05, 5000000";'Search in Unsafe byte[] BloomFilter';17.25 ns;0.898 ns;1.510 ns;0.92;753664000;65.792.500;687.871.500;"8,730%";0 B
Bloomfilter;"500000, False, 0,05, 5000000";'Search in Span<bool> BloomFilter';17.39 ns;2.086 ns;3.153 ns;0.91;753664000;65.792.500;687.871.500;"8,730%";0 B
Bloomfilter;"500000, False, 0,05, 5000000";'Search in Span<byte> BloomFilter';17.89 ns;1.481 ns;2.238 ns;0.93;753664000;65.792.500;687.871.500;"8,730%";0 B
Bloomfilter;"500000, False, 0,05, 5000000";'Search in byte[] BloomFilter';19.60 ns;3.026 ns;4.576 ns;1.00;753664000;65.792.500;687.871.500;"8,730%";0 B
Bloomfilter;"500000, False, 0,05, 5000000";'Search in BitArray BloomFilter';20.81 ns;3.966 ns;5.997 ns;1.09;753664000;65.792.500;687.871.500;"8,730%";0 B
Bloomfilter;"500000, False, 0,05, 10000000";'Search in BitArray BloomFilter';16.76 ns;0.827 ns;1.389 ns;0.89;753664000;65.792.500;687.871.500;"8,730%";0 B
Bloomfilter;"500000, False, 0,05, 10000000";'Search in Span<bool> BloomFilter';18.09 ns;2.438 ns;4.096 ns;0.96;753664000;65.792.500;687.871.500;"8,730%";0 B
Bloomfilter;"500000, False, 0,05, 10000000";'Search in Span<byte> BloomFilter';18.78 ns;3.130 ns;5.259 ns;0.99;753664000;65.792.500;687.871.500;"8,730%";0 B
Bloomfilter;"500000, False, 0,05, 10000000";'Search in byte[] BloomFilter';19.10 ns;2.361 ns;3.967 ns;1.00;753664000;65.792.500;687.871.500;"8,730%";0 B
Bloomfilter;"500000, False, 0,05, 10000000";'Search in Unsafe byte[] BloomFilter';21.36 ns;3.444 ns;5.787 ns;1.14;753664000;65.792.500;687.871.500;"8,730%";0 B
Bloomfilter;"500000, False, 0,05, 100000000";'Search in Span<bool> BloomFilter';16.22 ns;0.746 ns;1.254 ns;0.86;753664000;65.792.500;687.871.500;"8,730%";0 B
Bloomfilter;"500000, False, 0,05, 100000000";'Search in BitArray BloomFilter';18.84 ns;1.952 ns;2.952 ns;1.01;753664000;65.792.500;687.871.500;"8,730%";0 B
Bloomfilter;"500000, False, 0,05, 100000000";'Search in Span<byte> BloomFilter';19.03 ns;2.809 ns;4.247 ns;1.02;753664000;65.792.500;687.871.500;"8,730%";0 B
Bloomfilter;"500000, False, 0,05, 100000000";'Search in byte[] BloomFilter';19.08 ns;3.404 ns;5.147 ns;1.00;753664000;65.792.500;687.871.500;"8,730%";0 B
Bloomfilter;"500000, False, 0,05, 100000000";'Search in Unsafe byte[] BloomFilter';19.41 ns;2.362 ns;3.570 ns;1.04;753664000;65.792.500;687.871.500;"8,730%";0 B
Bloomfilter;"500000, True, 0,005, 5000000";'Search in Span<bool> BloomFilter';18.96 ns;2.581 ns;4.338 ns;0.95;753664000;65.792.500;687.871.500;"8,730%";0 B
Bloomfilter;"500000, True, 0,005, 5000000";'Search in byte[] BloomFilter';20.44 ns;2.249 ns;3.779 ns;1.00;753664000;65.792.500;687.871.500;"8,730%";0 B
Bloomfilter;"500000, True, 0,005, 5000000";'Search in Span<byte> BloomFilter';21.34 ns;2.720 ns;4.112 ns;1.06;753664000;65.792.500;687.871.500;"8,730%";0 B
Bloomfilter;"500000, True, 0,005, 5000000";'Search in Unsafe byte[] BloomFilter';26.55 ns;3.493 ns;5.282 ns;1.31;753664000;65.792.500;687.871.500;"8,730%";0 B
Bloomfilter;"500000, True, 0,005, 5000000";'Search in BitArray BloomFilter';27.43 ns;6.970 ns;10.538 ns;1.38;753664000;65.792.500;687.871.500;"8,730%";0 B
Bloomfilter;"500000, True, 0,005, 10000000";'Search in Span<bool> BloomFilter';17.36 ns;1.699 ns;2.568 ns;0.92;753664000;65.792.500;687.871.500;"8,730%";0 B
Bloomfilter;"500000, True, 0,005, 10000000";'Search in byte[] BloomFilter';19.08 ns;1.878 ns;2.839 ns;1.00;753664000;65.792.500;687.871.500;"8,730%";0 B
Bloomfilter;"500000, True, 0,005, 10000000";'Search in Span<byte> BloomFilter';19.82 ns;1.932 ns;2.920 ns;1.05;753664000;65.792.500;687.871.500;"8,730%";0 B
Bloomfilter;"500000, True, 0,005, 10000000";'Search in Unsafe byte[] BloomFilter';20.03 ns;3.026 ns;4.576 ns;1.06;753664000;65.792.500;687.871.500;"8,730%";0 B
Bloomfilter;"500000, True, 0,005, 10000000";'Search in BitArray BloomFilter';20.66 ns;4.054 ns;6.129 ns;1.09;753664000;65.792.500;687.871.500;"8,730%";0 B
Bloomfilter;"500000, True, 0,005, 100000000";'Search in byte[] BloomFilter';19.22 ns;2.474 ns;3.740 ns;1.00;753664000;65.792.500;687.871.500;"8,730%";0 B
Bloomfilter;"500000, True, 0,005, 100000000";'Search in Unsafe byte[] BloomFilter';19.36 ns;0.893 ns;1.707 ns;1.01;753664000;65.792.500;687.871.500;"8,730%";0 B
Bloomfilter;"500000, True, 0,005, 100000000";'Search in Span<byte> BloomFilter';19.81 ns;1.554 ns;2.612 ns;1.02;753664000;65.792.500;687.871.500;"8,730%";0 B
Bloomfilter;"500000, True, 0,005, 100000000";'Search in BitArray BloomFilter';19.83 ns;4.035 ns;6.101 ns;1.03;753664000;65.792.500;687.871.500;"8,730%";0 B
Bloomfilter;"500000, True, 0,005, 100000000";'Search in Span<bool> BloomFilter';29.37 ns;5.083 ns;7.685 ns;1.53;753664000;65.792.500;687.871.500;"8,730%";0 B
Bloomfilter;"500000, True, 0,05, 5000000";'Search in Span<byte> BloomFilter';25.59 ns;3.391 ns;5.698 ns;1.00;753664000;65.792.500;687.871.500;"8,730%";0 B
Bloomfilter;"500000, True, 0,05, 5000000";'Search in byte[] BloomFilter';25.71 ns;3.146 ns;5.286 ns;1.00;753664000;65.792.500;687.871.500;"8,730%";0 B
Bloomfilter;"500000, True, 0,05, 5000000";'Search in Span<bool> BloomFilter';27.97 ns;7.837 ns;11.849 ns;1.13;753664000;65.792.500;687.871.500;"8,730%";0 B
Bloomfilter;"500000, True, 0,05, 5000000";'Search in Unsafe byte[] BloomFilter';33.86 ns;8.721 ns;13.185 ns;1.33;753664000;65.792.500;687.871.500;"8,730%";0 B
Bloomfilter;"500000, True, 0,05, 5000000";'Search in BitArray BloomFilter';35.40 ns;9.506 ns;14.371 ns;1.44;753664000;65.792.500;687.871.500;"8,730%";0 B
Bloomfilter;"500000, True, 0,05, 10000000";'Search in byte[] BloomFilter';18.54 ns;4.056 ns;6.132 ns;1.00;753664000;65.792.500;687.871.500;"8,730%";0 B
Bloomfilter;"500000, True, 0,05, 10000000";'Search in Span<bool> BloomFilter';18.62 ns;1.845 ns;2.789 ns;1.05;753664000;65.792.500;687.871.500;"8,730%";0 B
Bloomfilter;"500000, True, 0,05, 10000000";'Search in BitArray BloomFilter';18.97 ns;2.424 ns;3.665 ns;1.07;753664000;65.792.500;687.871.500;"8,730%";0 B
Bloomfilter;"500000, True, 0,05, 10000000";'Search in Unsafe byte[] BloomFilter';19.39 ns;1.937 ns;3.256 ns;1.12;753664000;65.792.500;687.871.500;"8,730%";0 B
Bloomfilter;"500000, True, 0,05, 10000000";'Search in Span<byte> BloomFilter';20.07 ns;2.501 ns;4.203 ns;1.17;753664000;65.792.500;687.871.500;"8,730%";0 B
Bloomfilter;"500000, True, 0,05, 100000000";'Search in Span<bool> BloomFilter';18.29 ns;1.586 ns;2.397 ns;0.91;753664000;65.792.500;687.871.500;"8,730%";0 B
Bloomfilter;"500000, True, 0,05, 100000000";'Search in BitArray BloomFilter';19.38 ns;2.765 ns;4.646 ns;0.99;753664000;65.792.500;687.871.500;"8,730%";0 B
Bloomfilter;"500000, True, 0,05, 100000000";'Search in Unsafe byte[] BloomFilter';20.26 ns;3.173 ns;4.798 ns;1.01;753664000;65.792.500;687.871.500;"8,730%";0 B
Bloomfilter;"500000, True, 0,05, 100000000";'Search in byte[] BloomFilter';20.87 ns;3.871 ns;5.853 ns;1.00;753664000;65.792.500;687.871.500;"8,730%";0 B
Bloomfilter;"500000, True, 0,05, 100000000";'Search in Span<byte> BloomFilter';21.54 ns;4.501 ns;6.805 ns;1.07;753664000;65.792.500;687.871.500;"8,730%";0 B
Bloomfilter;"1000000, False, 0,005, 5000000";'Search in byte[] BloomFilter';17.56 ns;0.931 ns;1.781 ns;1.00;753664000;65.792.500;687.871.500;"8,730%";0 B
Bloomfilter;"1000000, False, 0,005, 5000000";'Search in BitArray BloomFilter';17.90 ns;1.969 ns;3.766 ns;1.02;753664000;65.792.500;687.871.500;"8,730%";0 B
Bloomfilter;"1000000, False, 0,005, 5000000";'Search in Span<byte> BloomFilter';18.16 ns;1.341 ns;2.563 ns;1.04;753664000;65.792.500;687.871.500;"8,730%";0 B
Bloomfilter;"1000000, False, 0,005, 5000000";'Search in Span<bool> BloomFilter';18.55 ns;2.274 ns;3.822 ns;1.07;753664000;65.792.500;687.871.500;"8,730%";0 B
Bloomfilter;"1000000, False, 0,005, 5000000";'Search in Unsafe byte[] BloomFilter';19.03 ns;2.173 ns;4.156 ns;1.08;753664000;65.792.500;687.871.500;"8,730%";0 B
Bloomfilter;"1000000, False, 0,005, 10000000";'Search in byte[] BloomFilter';17.73 ns;1.174 ns;1.775 ns;1.00;753664000;65.792.500;687.871.500;"8,730%";0 B
Bloomfilter;"1000000, False, 0,005, 10000000";'Search in Span<byte> BloomFilter';17.81 ns;1.424 ns;2.152 ns;1.00;753664000;65.792.500;687.871.500;"8,730%";0 B
Bloomfilter;"1000000, False, 0,005, 10000000";'Search in Unsafe byte[] BloomFilter';18.80 ns;2.309 ns;3.492 ns;1.06;753664000;65.792.500;687.871.500;"8,730%";0 B
Bloomfilter;"1000000, False, 0,005, 10000000";'Search in Span<bool> BloomFilter';19.49 ns;3.747 ns;5.664 ns;1.11;753664000;65.792.500;687.871.500;"8,730%";0 B
Bloomfilter;"1000000, False, 0,005, 10000000";'Search in BitArray BloomFilter';22.99 ns;3.854 ns;5.826 ns;1.31;753664000;65.792.500;687.871.500;"8,730%";0 B
Bloomfilter;"1000000, False, 0,005, 100000000";'Search in Unsafe byte[] BloomFilter';17.55 ns;1.179 ns;1.782 ns;0.99;753664000;65.792.500;687.871.500;"8,730%";0 B
Bloomfilter;"1000000, False, 0,005, 100000000";'Search in BitArray BloomFilter';17.90 ns;2.005 ns;3.031 ns;0.98;753664000;65.792.500;687.871.500;"8,730%";0 B
Bloomfilter;"1000000, False, 0,005, 100000000";'Search in byte[] BloomFilter';17.99 ns;1.460 ns;2.453 ns;1.00;753664000;65.792.500;687.871.500;"8,730%";0 B
Bloomfilter;"1000000, False, 0,005, 100000000";'Search in Span<bool> BloomFilter';18.54 ns;1.960 ns;2.963 ns;1.05;753664000;65.792.500;687.871.500;"8,730%";0 B
Bloomfilter;"1000000, False, 0,005, 100000000";'Search in Span<byte> BloomFilter';19.11 ns;2.094 ns;3.166 ns;1.09;753664000;65.792.500;687.871.500;"8,730%";0 B
Bloomfilter;"1000000, False, 0,05, 5000000";'Search in BitArray BloomFilter';16.86 ns;1.346 ns;2.262 ns;0.95;753664000;65.792.500;687.871.500;"8,730%";0 B
Bloomfilter;"1000000, False, 0,05, 5000000";'Search in Unsafe byte[] BloomFilter';17.79 ns;1.358 ns;2.054 ns;0.97;753664000;65.792.500;687.871.500;"8,730%";0 B
Bloomfilter;"1000000, False, 0,05, 5000000";'Search in byte[] BloomFilter';18.53 ns;2.872 ns;4.341 ns;1.00;753664000;65.792.500;687.871.500;"8,730%";0 B
Bloomfilter;"1000000, False, 0,05, 5000000";'Search in Span<bool> BloomFilter';18.56 ns;2.427 ns;3.669 ns;1.01;753664000;65.792.500;687.871.500;"8,730%";0 B
Bloomfilter;"1000000, False, 0,05, 5000000";'Search in Span<byte> BloomFilter';18.89 ns;2.672 ns;4.040 ns;1.04;753664000;65.792.500;687.871.500;"8,730%";0 B
Bloomfilter;"1000000, False, 0,05, 10000000";'Search in Span<bool> BloomFilter';16.54 ns;0.924 ns;1.552 ns;0.88;753664000;65.792.500;687.871.500;"8,730%";0 B
Bloomfilter;"1000000, False, 0,05, 10000000";'Search in BitArray BloomFilter';18.27 ns;2.068 ns;3.475 ns;0.98;753664000;65.792.500;687.871.500;"8,730%";0 B
Bloomfilter;"1000000, False, 0,05, 10000000";'Search in byte[] BloomFilter';18.86 ns;2.006 ns;3.372 ns;1.00;753664000;65.792.500;687.871.500;"8,730%";0 B
Bloomfilter;"1000000, False, 0,05, 10000000";'Search in Span<byte> BloomFilter';19.67 ns;3.363 ns;5.651 ns;1.06;753664000;65.792.500;687.871.500;"8,730%";0 B
Bloomfilter;"1000000, False, 0,05, 10000000";'Search in Unsafe byte[] BloomFilter';20.90 ns;2.363 ns;3.971 ns;1.12;753664000;65.792.500;687.871.500;"8,730%";0 B
Bloomfilter;"1000000, False, 0,05, 100000000";'Search in BitArray BloomFilter';17.21 ns;1.935 ns;3.251 ns;0.96;753664000;65.792.500;687.871.500;"8,730%";0 B
Bloomfilter;"1000000, False, 0,05, 100000000";'Search in byte[] BloomFilter';18.15 ns;1.522 ns;2.302 ns;1.00;753664000;65.792.500;687.871.500;"8,730%";0 B
Bloomfilter;"1000000, False, 0,05, 100000000";'Search in Span<byte> BloomFilter';18.37 ns;1.718 ns;2.887 ns;1.02;753664000;65.792.500;687.871.500;"8,730%";0 B
Bloomfilter;"1000000, False, 0,05, 100000000";'Search in Span<bool> BloomFilter';18.72 ns;2.295 ns;3.470 ns;1.04;753664000;65.792.500;687.871.500;"8,730%";0 B
Bloomfilter;"1000000, False, 0,05, 100000000";'Search in Unsafe byte[] BloomFilter';19.73 ns;3.020 ns;4.566 ns;1.10;753664000;65.792.500;687.871.500;"8,730%";0 B
Bloomfilter;"1000000, True, 0,005, 5000000";'Search in Span<bool> BloomFilter';16.94 ns;1.538 ns;2.941 ns;0.91;753664000;65.792.500;687.871.500;"8,730%";0 B
Bloomfilter;"1000000, True, 0,005, 5000000";'Search in byte[] BloomFilter';18.69 ns;2.177 ns;4.163 ns;1.00;753664000;65.792.500;687.871.500;"8,730%";0 B
Bloomfilter;"1000000, True, 0,005, 5000000";'Search in Span<byte> BloomFilter';19.52 ns;2.104 ns;4.022 ns;1.05;753664000;65.792.500;687.871.500;"8,730%";0 B
Bloomfilter;"1000000, True, 0,005, 5000000";'Search in BitArray BloomFilter';19.99 ns;3.730 ns;7.131 ns;1.06;753664000;65.792.500;687.871.500;"8,730%";0 B
Bloomfilter;"1000000, True, 0,005, 5000000";'Search in Unsafe byte[] BloomFilter';20.32 ns;3.789 ns;7.245 ns;1.08;753664000;65.792.500;687.871.500;"8,730%";0 B
Bloomfilter;"1000000, True, 0,005, 10000000";'Search in Span<bool> BloomFilter';18.71 ns;1.947 ns;3.271 ns;0.90;753664000;65.792.500;687.871.500;"8,730%";0 B
Bloomfilter;"1000000, True, 0,005, 10000000";'Search in BitArray BloomFilter';19.32 ns;2.134 ns;3.586 ns;0.92;753664000;65.792.500;687.871.500;"8,730%";0 B
Bloomfilter;"1000000, True, 0,005, 10000000";'Search in Span<byte> BloomFilter';20.72 ns;3.415 ns;5.739 ns;0.98;753664000;65.792.500;687.871.500;"8,730%";0 B
Bloomfilter;"1000000, True, 0,005, 10000000";'Search in Unsafe byte[] BloomFilter';21.23 ns;3.025 ns;5.083 ns;1.01;753664000;65.792.500;687.871.500;"8,730%";0 B
Bloomfilter;"1000000, True, 0,005, 10000000";'Search in byte[] BloomFilter';21.37 ns;3.935 ns;6.613 ns;1.00;753664000;65.792.500;687.871.500;"8,730%";0 B
Bloomfilter;"1000000, True, 0,005, 100000000";'Search in Span<bool> BloomFilter';17.61 ns;1.693 ns;2.846 ns;0.89;753664000;65.792.500;687.871.500;"8,730%";0 B
Bloomfilter;"1000000, True, 0,005, 100000000";'Search in Unsafe byte[] BloomFilter';18.17 ns;2.207 ns;3.709 ns;0.93;753664000;65.792.500;687.871.500;"8,730%";0 B
Bloomfilter;"1000000, True, 0,005, 100000000";'Search in byte[] BloomFilter';20.07 ns;3.841 ns;6.455 ns;1.00;753664000;65.792.500;687.871.500;"8,730%";0 B
Bloomfilter;"1000000, True, 0,005, 100000000";'Search in BitArray BloomFilter';20.24 ns;3.314 ns;5.568 ns;1.04;753664000;65.792.500;687.871.500;"8,730%";0 B
Bloomfilter;"1000000, True, 0,005, 100000000";'Search in Span<byte> BloomFilter';20.97 ns;2.936 ns;4.933 ns;1.06;753664000;65.792.500;687.871.500;"8,730%";0 B
Bloomfilter;"1000000, True, 0,05, 5000000";'Search in Span<byte> BloomFilter';18.99 ns;1.772 ns;3.389 ns;0.90;753664000;65.792.500;687.871.500;"8,730%";0 B
Bloomfilter;"1000000, True, 0,05, 5000000";'Search in BitArray BloomFilter';19.68 ns;1.710 ns;3.269 ns;0.93;753664000;65.792.500;687.871.500;"8,730%";0 B
Bloomfilter;"1000000, True, 0,05, 5000000";'Search in Span<bool> BloomFilter';20.78 ns;4.926 ns;9.419 ns;0.95;753664000;65.792.500;687.871.500;"8,730%";0 B
Bloomfilter;"1000000, True, 0,05, 5000000";'Search in Unsafe byte[] BloomFilter';21.37 ns;4.210 ns;8.049 ns;0.99;753664000;65.792.500;687.871.500;"8,730%";0 B
Bloomfilter;"1000000, True, 0,05, 5000000";'Search in byte[] BloomFilter';21.88 ns;4.502 ns;8.607 ns;1.00;753664000;65.792.500;687.871.500;"8,730%";0 B
Bloomfilter;"1000000, True, 0,05, 10000000";'Search in Span<bool> BloomFilter';17.92 ns;1.592 ns;2.675 ns;0.95;753664000;65.792.500;687.871.500;"8,730%";0 B
Bloomfilter;"1000000, True, 0,05, 10000000";'Search in Span<byte> BloomFilter';18.90 ns;2.218 ns;3.727 ns;1.01;753664000;65.792.500;687.871.500;"8,730%";0 B
Bloomfilter;"1000000, True, 0,05, 10000000";'Search in byte[] BloomFilter';19.08 ns;1.507 ns;2.881 ns;1.00;753664000;65.792.500;687.871.500;"8,730%";0 B
Bloomfilter;"1000000, True, 0,05, 10000000";'Search in Unsafe byte[] BloomFilter';19.13 ns;2.283 ns;3.837 ns;1.02;753664000;65.792.500;687.871.500;"8,730%";0 B
Bloomfilter;"1000000, True, 0,05, 10000000";'Search in BitArray BloomFilter';19.38 ns;1.825 ns;3.067 ns;1.03;753664000;65.792.500;687.871.500;"8,730%";0 B
Bloomfilter;"1000000, True, 0,05, 100000000";'Search in Span<bool> BloomFilter';18.86 ns;2.381 ns;4.001 ns;1.00;753664000;65.792.500;687.871.500;"8,730%";0 B
Bloomfilter;"1000000, True, 0,05, 100000000";'Search in Span<byte> BloomFilter';18.87 ns;2.698 ns;4.533 ns;1.00;753664000;65.792.500;687.871.500;"8,730%";0 B
Bloomfilter;"1000000, True, 0,05, 100000000";'Search in byte[] BloomFilter';18.97 ns;1.608 ns;2.702 ns;1.00;753664000;65.792.500;687.871.500;"8,730%";0 B
Bloomfilter;"1000000, True, 0,05, 100000000";'Search in Unsafe byte[] BloomFilter';19.09 ns;2.519 ns;4.233 ns;1.01;753664000;65.792.500;687.871.500;"8,730%";0 B
Bloomfilter;"1000000, True, 0,05, 100000000";'Search in BitArray BloomFilter';21.35 ns;4.281 ns;7.194 ns;1.13;753664000;65.792.500;687.871.500;"8,730%";0 B
